<?xml version="1.0" encoding="UTF-8"?>
<!DOCTYPE mapper 
	PUBLIC "-//mybatis.org//DTD Mapper 3.0//EN" 
	"http://mybatis.org/dtd/mybatis-3-mapper.dtd">
	
<mapper namespace="com.jeju.trip.mapper.ItineraryMapper">
	<select id="get" resultType="com.jeju.trip.vo.ItineraryVO">
		select iseq, title from itinerary where id=#{id} order by iseq asc
	</select>
	
	<select id="getTseqList" resultType="Long">
		select tseq from list where iseq=#{iseq} order by lorder asc
	</select>
	
	<select id="getDetailList" resultType="com.jeju.trip.vo.TripVO">
		select title, address1, address2, mapx, mapy, tseq, image1 from trip where tseq in
		<foreach collection="tseqList" item="item" separator="," open="(" close=")">
            #{item}
        </foreach>
        order by case tseq 
        <foreach collection="tseqList" item="item" separator=" " index="index">
        	when #{item} then #{index}
        </foreach> end
	</select>
	
	<delete id="deleteList">
		delete from list where iseq=#{iseq}
	</delete>
	
	<insert id="insertList">
<!-- 		<foreach collection="list" item="item" separator=" " open="insert all" close="SELECT * FROM DUAL"> -->
<!-- 			into list (lseq, lorder, iseq, tseq) values  -->
<!--             (l_seq.nextval, #{item.lorder}, #{item.iseq}, #{item.tseq}) -->
<!--         </foreach> -->
        
        insert into list (lseq, lorder, iseq, tseq)
		select l_seq.nextval, A.* from(
		 <foreach item="item" collection="list" separator="union all " >
		   select #{item.lorder} as lorder,
		          #{item.iseq} as iseq,
		          #{item.tseq} as tseq
		   from dual
		 </foreach>) A
	</insert>
	
	<insert id="insertItinerary">
		insert into itinerary (iseq, id, title) values (i_seq.nextval, #{id}, #{title})
	</insert>
	
	<delete id="deleteItinerary">
		delete from itinerary where iseq=#{iseq}
	</delete>
	
	<insert id="insertItineraryList">
		<selectKey order="BEFORE" keyProperty="lorder" resultType="Long">
			select nvl(max(lorder)+1,1) from list where iseq=#{iseq}
		</selectKey>
		insert into list (lseq, lorder, iseq, tseq) values (l_seq.nextval, #{lorder}, #{iseq}, #{tseq})
	</insert>
</mapper>